magic_rank,ticker,name,pasa_filtros,per,pb,ev_ebit,ev_ebitda,fcf_yield,earnings_yield,roic,roc_greenblatt,roe,net_debt_ebitda,interest_coverage,current_ratio,piotroski,es_financiera,fin_rank,roa,capital_activos,fin_score
1,ADBE,ADOBE INC.,True,12.249467108727838,7.514299276024219,10.121490981533366,9.252173507478947,0.11280222793864612,0.09879967307430272,0.5730641995553359,4.648158035237587,0.6134388712036479,0.08179336413271734,33.10266159695818,0.9963725490196078,7,False,,,,
2,MO,"ALTRIA GROUP, INC.",True,17.477729979562245,-34.67098519932008,14.410828383474989,14.033722594000878,0.0747336941929459,0.06939226346951073,0.41303520474595,5.788888888888889,-1.9837235865219873,2.08903098868667,8.41036533559898,0.6480227223071882,6,False,,,,
3,MPC,Marathon Petroleum Corp,True,19.21357166149983,4.491008693201445,8.935631952006974,6.4187597049116105,0.06130612170350856,0.11191150277573783,0.5092496935431573,1.625049000392003,0.2337414808825228,-0.31814243631952865,5.568166554734721,1.2592743164955789,7,False,,,,
4,UPS,UNITED PARCEL SERVICE INC,True,16.881012762525657,5.796573803709433,14.206050986753905,10.284255370644425,0.05065861347753292,0.07039253913226316,0.18036190944075983,2.296934306569343,0.3433783200838109,1.628600349682525,7.735496558505408,1.219270166453265,5,False,,,,
5,LOW,LOWES COMPANIES INC,True,19.170551822587917,-12.862846811283655,16.38903297818379,13.476783982141411,0.05997921690227041,0.06101641270300371,0.2670667168874023,6.804959785522788,-0.6709690430573763,3.1454604357333764,,1.0766582746750244,6,False,,,,
6,MCK,MCKESSON CORP,True,19.848056244007854,-43.5158581187686,15.625795852215935,14.935750705333959,0.06050798959434424,0.06399674035535204,13.477691699228018,2.3283358320839582,-2.192449355432781,0.3925219264502231,25.149797570850204,0.8536639957025829,6,False,,,,
7,ACN,Accenture plc,True,11.312850674594356,2.7845399595786375,7.38203406095463,7.38203406095463,0.12518694829197075,0.13546401868954286,0.39352145773073816,1.0109439814231704,0.24613954870207658,-1.1127654888719207,44.7404957231301,1.4200349477501015,5,False,,,,
8,HD,"HOME DEPOT, INC.",False,25.20966758984761,27.85202953265299,19.5950241456143,16.773481986636728,0.03543606619873814,0.05103336400959817,0.24350391352227443,10.620233858668023,1.1048154218371966,2.1501393214227176,8.660862354892206,1.06066493955095,4,False,,,,
9,ROP,ROPER TECHNOLOGIES INC,False,23.92378010785742,1.84865847042232,20.46958190019744,14.602279608023155,0.06911609225659857,0.048852976327296384,0.06140865944169899,14.247291268323773,0.07727284158639941,2.8732448302272147,6.878153846153846,0.5175273781404337,6,False,,,,
10,B,BARRICK MINING CORP,True,19.552693695513668,3.357750808240847,13.49636383399631,10.951676921416436,0.008857227238768636,0.07409403097751976,0.15916637223309357,1.0694204152249136,0.17172829792814057,0.4469970462750246,,2.8577742065086382,6,False,,,,
11,SPGI,S&P Global Inc.,True,29.122667040021806,4.183102911810888,21.740111814747994,18.392639981185518,0.04190236608840447,0.04599792349373396,0.12009690968377733,23.302158273381295,0.1436373566357182,1.3876191719994777,22.571428571428573,0.8244074898520362,7,False,,,,
12,AMRZ,Amrize Ltd,False,25.056289762791618,2.239531103402328,14.56962401306824,10.424062826166692,0.047824807568533294,0.06863595101033829,0.1315219241116908,1.0449561403508771,0.0893799969829537,-0.7214714714714715,8.824074074074074,1.6384319215960799,3,False,,,,
13,GEHC,GE HealthCare Technologies Inc.,False,14.31141125703726,2.873589079840606,12.97067718409904,12.97067718409904,0.05046105467725892,0.07709697695860598,0.13116819814825786,0.8136042402826855,0.2007900568455535,2.1762576909156714,,1.3729818780889622,4,False,,,,
14,KVUE,Kenvue Inc.,True,25.90052499316664,3.536811123079885,15.9327969096748,12.945732662388073,0.0452279856002004,0.06276361932365902,0.15916592744502797,1.0913200723327305,0.13655364607524384,0.13059575900370246,5.613953488372093,0.9582842724978974,6,False,,,,
15,KDP,Keurig Dr Pepper Inc.,False,21.79251050806902,1.7756164503164875,16.282973243713425,16.282973243713425,0.033218096815311224,0.06141384531145641,0.07199365205731456,1.1068111455108358,0.0814782881329362,3.60979020979021,,0.6352231604342582,7,False,,,,
16,INTU,INTUIT INC.,True,19.467152912777813,3.821330016211941,15.926754950139621,15.926754950139621,0.0812948603728538,0.06278742927423728,0.17282482302980465,1.0478927203065134,0.1962962962962963,0.6274629291082673,19.931174089068826,1.3603664416586307,8,False,,,,
17,YUM,YUM BRANDS INC,False,29.123206817113008,-6.198372618140502,17.378430236161297,16.09067605319395,0.036098873042377674,0.057542596564284905,-0.24162695213759983,1.2090183184593706,-0.21283276450511945,-0.24136690647482015,4.731617647058823,1.345646437994723,4,False,,,,
18,META,"Meta Platforms, Inc.",True,24.81697480634154,6.906481050444879,18.291652611097998,14.949708150215884,0.03073145250143217,0.05466974588142327,0.2440064072329069,1.2450438058786593,0.2782966539773433,0.22446315706826836,76.4,2.5987666124868536,5,False,,,,
19,IQV,IQVIA HOLDINGS INC.,False,25.408069764305562,5.313697505682849,22.13518555428761,14.521640071995058,0.05935469515329929,0.04517694227353332,0.09069940974409164,4.093808630393997,0.20913424573273873,4.132291040288635,2.993141289437586,0.7494603022307508,5,False,,,,
20,AEP,AMERICAN ELECTRIC POWER CO INC,False,20.3906856948572,2.420321611156536,23.312083912049673,14.344860519226309,0.04632186706074608,0.04289620798263834,0.06442960621838838,7.226902173913044,0.11869741152289806,5.6262147154095326,2.625370187561698,0.4545591107105303,5,False,,,,
21,EME,"EMCOR Group, Inc.",True,27.047175330008557,9.370340038393483,19.443087770769015,19.443087770769015,0.03454683633629128,0.05143215994238388,0.49444265171703894,1.292480398768332,0.34644431161716127,-0.6489764902668234,142.54725457570714,1.2204354010532503,6,False,,,,
22,QSR,Restaurant Brands International Inc.,False,31.794446900833485,9.405346840505228,21.02544523996185,18.497015748460246,0.042394415004239336,0.04756141849017103,0.09969077262062062,1.8063986874487286,0.2958172812328013,4.841789852177387,,0.9789000345901072,6,False,,,,
23,ITW,ILLINOIS TOOL WORKS INC,True,25.59460365608947,24.325187479718014,20.53867523946165,20.53867523946165,0.03449591718544724,0.04868863197557485,0.2936036671368124,1.2760290556900726,0.9504029758214507,1.9255218216318786,14.438356164383562,1.2095200936402652,6,False,,,,
24,ETR,ENTERGY CORP /DE/,False,29.71872651711275,3.114153115966537,25.515295317001996,14.834668372561346,-0.04808767580285168,0.039192178165135906,0.054436417771562336,6.649386407525073,0.10478756935204923,5.266309007187202,2.2663694172850515,0.7422823409222689,6,False,,,,
25,GILD,"GILEAD SCIENCES, INC.",True,19.151690089840045,7.178825823218904,17.9956977314447,17.9956977314447,0.058019074663272927,0.05556883733675158,0.21725093338923776,0.8258755665430573,0.37484032947187595,1.7333865495909,9.787109375,1.5526961821721832,8,False,,,,
26,PG,PROCTER & GAMBLE Co,True,22.071690233289356,6.743423987961215,18.458617172097412,16.202986513287154,0.03983286536004174,0.054175239167516265,0.2110044807085579,0.8557977988868896,0.3055236783719685,1.0697913984032965,22.54796030871003,0.7041987908369849,6,False,,,,
27,QCOM,QUALCOMM INC/DE,True,33.52598808879264,8.760138640007545,15.787818696883853,13.975675288385757,0.06901099492645377,0.06333997236726419,0.20256090763025872,0.5800469483568075,0.26129397340375365,0.6656874686537222,18.606927710843372,2.8164916885389326,6,False,,,,
28,NFLX,NETFLIX INC,True,29.78940842366549,12.290718906651792,24.954043920372197,24.345009614307525,0.02892196229556213,0.04007366514184947,0.3589546874601327,3.295718356686635,0.41258687422902035,0.39744935428951933,17.16217820762128,1.185709316059751,7,False,,,,
29,PAYX,PAYCHEX INC,True,22.991754448585954,9.23067699797517,18.771769102523667,17.144809965100738,0.0448532824712118,0.05327148413867718,0.22521776091535942,0.8931909212283045,0.40147771317829456,1.381019361244415,20.945920303605313,1.281787731983957,5,False,,,,
30,MAR,MARRIOTT INTERNATIONAL INC /MD/,False,37.809563693466075,-26.07867281005178,23.667634669573836,23.667634669573836,0.026519514499468898,0.04225179296372864,-0.7728848594163907,2.1192425793244625,-0.6897374701670644,-0.08089833373581261,5.118665018541409,0.426768278161467,7,False,,,,
31,HON,HONEYWELL INTERNATIONAL INC,True,30.799641852419366,10.475511098970886,20.684570729677763,17.667210333167755,0.03722584226547122,0.04834521407617235,0.1823912039059247,1.165495482575649,0.3401179516685846,2.359642669469259,,1.2978132741095072,5,False,,,,
32,EBAY,EBAY INC,True,25.105346319066193,11.048528358401612,21.90248501274635,18.484788129734408,0.028123735917118833,0.04565691972477283,0.5631915989891307,1.2742025741466145,0.4400866738894908,-0.4140103780578206,9.25609756097561,1.096829846883761,5,False,,,,
33,PYPL,"PayPal Holdings, Inc.",True,7.6646928804698895,1.9801213390352947,6.932784475432635,5.982831224174578,0.13872081413335607,0.14424218775928352,0.2158849238532937,0.4039025039957379,0.25834320695102686,0.2757541263517359,13.75283446712018,1.2867170510087633,8,False,,,,
34,MA,Mastercard Inc,True,32.648807674471165,63.16238248306635,26.306892801581434,24.80645475406609,0.035112429010348306,0.038012851139146514,0.9415010352772496,6.097773475314618,1.9345999741501874,0.42085828343313375,27.78970588235294,1.0349705649767156,8,False,,,,
35,HSY,HERSHEY CO,False,41.829057674220394,7.96805772411155,25.139004342804462,18.629466583252785,0.04933552604861276,0.03977882283497158,0.2668626127370672,2.4983024351693146,0.19049096888984743,-0.36361425826984894,6.4123199558730635,1.191574675885223,4,False,,,,
36,TDG,TransDigm Group INC,False,36.36734657350222,-7.787102704258063,17.46503644500447,16.050723034740425,0.024076617696777717,0.05725725240533526,-0.26562165117449704,0.649867374005305,-0.2141234771835639,-0.5922330097087378,,3.213565536205316,7,False,,,,
37,NTAP,"NetApp, Inc.",True,23.671610334521866,22.35749429078453,18.292697005286676,16.52562050018883,0.061877224304576865,0.05466662459401121,0.7331058076703422,0.7132509586706434,0.9444855662472242,0.22504047490555856,15.357798165137615,1.4364585923899527,8,False,,,,
38,TMUS,"T-Mobile US, Inc.",True,17.47752783711039,3.2449873483694645,14.924065101237343,8.58202994889475,0.09366883715688314,0.06700587227518129,0.10057572617956399,0.47684762476195447,0.1856662669121497,2.538270362097713,,0.9984081632653061,6,False,,,,
39,ADSK,"Autodesk, Inc.",True,38.948646884796034,14.377103152220277,27.90195126648336,24.833208741404817,0.05502728863734504,0.035839787348536774,0.33570096118321835,13.041322314049587,0.3691297208538588,0.14156796390298929,19.725,0.8508953168044077,8,False,,,,
40,DIS,Walt Disney Co,True,13.929610342470172,1.5726263703865513,11.914642281807305,9.140791480001749,0.058321748138149734,0.08393034187244708,0.12004787961696306,0.425427220942916,0.11289808772265152,1.588101586746514,9.68598233995585,0.7103506820443768,7,False,,,,
41,ALC,ALCON INC,True,15.363905290594731,4.682050564287694,12.859891188773476,12.859891188773476,0.06084661492488858,0.07776115562105124,0.42226358758880483,0.43681609601129545,0.3047435190292333,-0.858989898989899,275.0,3.388609715242881,6,False,,,,
42,EXPE,"Expedia Group, Inc.",True,27.397036315399124,27.610408872372638,19.347816671366363,13.12536801744977,0.08772482838839489,0.05168541841105728,0.752934506104713,0.7646097261953413,1.0077881619937694,0.271211022480058,6.25752508361204,0.7323647715675091,6,False,,,,
43,LMT,LOCKHEED MARTIN CORP,True,25.088095086981507,18.727417505041842,18.554646624160682,15.231044070013404,0.054883340979207884,0.05389485557207344,0.2695287502970718,0.7091359383599339,0.746466299657789,1.8665321724357613,6.915026833631485,1.0868652239125778,6,False,,,,
44,CVNA,CARVANA CO.,True,10.934898264236287,4.471200772386067,9.622223209877967,9.622223209877967,0.057782046138133814,0.10392608633038376,0.24142810722989438,0.37395626242544733,0.40889276373147343,1.442849548112706,3.724752475247525,4.311389071757735,5,False,,,,
45,MSI,"Motorola Solutions, Inc.",True,32.57181675766665,29.111905931956006,26.156858532802534,22.89970503838675,0.036659225249864716,0.03823089071441549,0.22054309927350846,2.1542898341744774,0.8937759336099586,2.343099912100791,8.3,1.0365251727541955,6,False,,,,
46,MSCI,MSCI Inc.,True,36.518526441787856,-16.54011879029653,28.941594308009986,28.55161794985397,0.03528248171942144,0.03455234667992137,0.4546762209753242,19.628712814579778,-0.45292404710420636,3.274061988333721,8.164158197904607,0.8989218527714455,7,False,,,,
47,RMD,RESMED INC,True,21.708910674132664,5.095323211591146,17.721412233568156,15.854359130095785,0.05464725346610252,0.05642891135424216,0.25931653276298244,0.5548931196549539,0.23471114180144,-0.2872638594867069,,3.4398353481434962,8,False,,,,
48,AZO,AUTOZONE INC,True,20.64502349955064,-15.105928490645669,16.64868222389334,14.231420286166303,0.03470736828953856,0.06006481393253161,0.5627099345535294,0.5111718795685782,-0.7316982947960542,2.0192411009730415,7.3672894240089795,0.8762507751278784,6,False,,,,
49,UBER,"Uber Technologies, Inc",True,15.071086756073361,5.6029597706743655,27.839287539767387,24.65398395270616,0.06443814606092126,0.03592045947912773,0.18271661686968513,3.3263598326359833,0.3717687955327096,0.5436028007638447,12.647727272727273,1.1357954545454545,5,False,,,,
50,SYY,SYSCO CORP,True,22.190498639069205,22.166246727988256,12.789258909397185,9.792519591425368,0.039542225754156175,0.07819061347371961,3.079601851624536,0.37954768928220256,0.9989071038251366,-0.26555913711877016,,1.2069382815651473,5,False,,,,
51,HLT,Hilton Worldwide Holdings Inc.,False,52.829421022014884,-14.285906909628004,28.241539706303634,26.499814086785953,0.026347083497300285,0.03540883430575833,-0.30112225348904703,3.9371345029239766,-0.2704157386785449,-0.31986062717770036,4.343548387096774,0.6645962732919255,5,False,,,,
52,JBL,JABIL INC,True,54.43505661576976,23.637694776312447,31.06246378727642,19.78223717487108,0.03277053738420981,0.0321931964846141,0.35318403842130636,197.0,0.43423661599471247,0.5129310344827587,,1.0004375091147732,5,False,,,,
53,RPRX,Royalty Pharma plc,False,42.29676697410716,3.3565383795396957,26.252205238020334,26.252205238020334,0.07635487650397024,0.03809203801864721,0.08641348555673026,1.748573799165807,0.0793568544280103,5.342818101490332,5.0688998387851685,2.4018619608903338,5,False,,,,
54,CMCSA,COMCAST CORP,True,4.4122968994744936,0.9105715343765509,3.809796507144491,2.135353652071225,0.24811555090002696,0.2624812107745664,0.1804256462366453,0.31473812423873326,0.20637131977338163,-0.25706306599425194,4.688591517350873,0.8819651592888677,6,False,,,,
55,BSX,BOSTON SCIENTIFIC CORP,True,23.199886539716733,2.7687067995238226,18.026313831403485,13.075501279434008,0.05452046504096053,0.05547445858053956,0.13862015002418504,0.4888377756731159,0.11934139396690463,-0.3944990965669544,10.35243553008596,1.6168413311270453,7,False,,,,
56,COR,"Cencora, Inc.",True,37.119066073644724,38.25502317982091,23.159145035937502,16.54388913605718,0.055593305862579684,0.04317948691319291,0.38869340378083916,1.035258889454274,1.0306030626935072,0.8660680994739755,,0.9034691461454554,6,False,,,,
57,V,VISA INC.,True,34.334354949638964,18.166622479618518,29.035821104436877,27.630899166330547,0.031331020590611776,0.034440217702236535,0.43323003517541797,3.450388265746333,0.5291091825160252,0.3175616720869358,40.73684210526316,1.0775507874914403,5,False,,,,
58,TEVA,TEVA PHARMACEUTICAL INDUSTRIES LTD,False,28.606914609482395,5.0993362325373175,17.884909410927296,12.212013168524907,0.028461104885922968,0.05591305927381558,0.3506176853055917,0.47199124726477026,0.17825537294563842,-0.5565052231718899,2.3548034934497815,1.0364149821640904,7,False,,,,
59,NRG,"NRG ENERGY, INC.",False,33.38177060777823,17.15755491083902,13.080677401149265,7.4235157813350945,0.026558629393597682,0.076448640183737,-0.4643919014583038,0.3604923798358734,0.5139797739440809,-1.4481697939095663,2.4898785425101213,1.637439282600573,6,False,,,,
60,VZ,VERIZON COMMUNICATIONS INC,True,10.347722891804912,1.68063280036937,6.07412395993908,3.7330447181956297,0.20897318846888382,0.16463279422602192,0.2148775709809713,0.2672860314067253,0.1624157138669012,0.0002310536044362292,4.370929190319689,0.9126503126503126,5,False,,,,
61,AME,AMETEK INC/,True,36.33138388754911,5.059430795773357,28.472756202287222,23.312974427852097,0.03108314506742632,0.035121292539977915,0.13982063598509162,1.850535452216157,0.13925786068136098,0.2641881839818852,23.510436409284466,1.0622952688099419,6,False,,,,
62,CAH,CARDINAL HEALTH INC,False,36.01948074153875,-20.218054454348074,23.012048104414063,17.080720860535724,0.03290268787401472,0.043455497549050606,-0.2552879008993964,0.7960111966410077,-0.5613088816972313,-1.2639477977161502,10.581395348837209,0.9351106769159575,6,False,,,,
63,TEL,TE Connectivity plc,True,31.287680383928464,4.579412575859851,19.06537130713056,15.119512785180595,0.05557685233546193,0.05245111589439615,0.11421138568750477,0.44858899133836266,0.1463647199046484,0.8858977525314893,41.701298701298704,1.555859375,5,False,,,,
64,MPLX,MPLX LP,False,11.712879487722924,,9.400164769174477,9.400164769174477,0.07070423999447567,0.10638111400762394,-2.781001403837155,0.26480417056543243,,-0.35958270233888606,5.543843283582089,1.229301323484149,4,False,,,,
65,LNG,"Cheniere Energy, Inc.",True,9.670445258491673,6.512125486766976,8.039670020605863,7.016327289317174,0.04774610335483831,0.124383214415141,0.2522824462470927,0.25484547615718084,0.673404927353127,2.079685853845417,9.611814345991561,0.9427987742594485,7,False,,,,
66,FERG,Ferguson Enterprises Inc. /DE/,True,24.058322264855764,7.656420803081669,18.46901232677371,16.156510951182376,0.035899649830913274,0.054144747012288476,0.21441209887521706,0.4369550637156271,0.31824417009602196,1.167505874454515,,1.6831453218314532,6,False,,,,
67,MCO,MOODYS CORP /DE/,True,34.848352462811995,21.137666183042597,26.947806238751024,23.571417046738368,0.030049444918286965,0.03710877208854192,0.30422835927889336,1.1448582166040315,0.6065614208189443,1.2033411641868963,,1.7396846695739685,8,False,,,,
68,KMB,KIMBERLY CLARK CORP,False,18.84225539843673,25.352994780453148,15.90480568279057,11.847971533663065,0.043040742411662995,0.06287407843542704,2.0451091043196303,0.3470110701107011,1.3455392809587217,-0.21799746514575413,9.18359375,0.7452631578947368,4,False,,,,
69,MCD,MCDONALDS CORP,False,23.284977540632593,-111.3284548746158,19.374748864716928,18.685701375909485,0.03604005503303893,0.05161357223169408,0.251482623102412,0.43883006975673666,-4.781127861529872,3.1690272373540855,7.833754740834387,0.9545975693648245,4,False,,,,
70,CMG,CHIPOTLE MEXICAN GRILL INC,True,29.55925790346369,16.037533814154102,23.269685409883312,19.609003420315908,0.031888083085525834,0.04297436696652852,0.5965255044140043,0.6543899408148005,0.5425553600340846,-0.1525979679433044,,1.2346613451927464,6,False,,,,
71,LVS,LAS VEGAS SANDS CORP,False,19.137878926837583,19.583225794946383,9.686419096509846,6.374668148987564,0.05957479522948333,0.1032373253765485,-1.0555910984383503,0.22942277945127412,1.0232704402515724,-0.8970107426436245,3.777479892761394,1.1444812884888678,7,False,,,,
72,LHX,"L3HARRIS TECHNOLOGIES, INC. /DE/",False,35.03992354485366,2.8660105532485343,31.112851759732216,19.690497064497592,0.04765956593946815,0.032141058869256375,0.06046278063058463,1.5435259692757863,0.08179271708683473,2.811637672465507,,1.1891779684472736,7,False,,,,
73,CQP,"Cheniere Energy Partners, L.P.",True,9.940368255333377,,11.866400425979709,10.008393258689305,0.08652197172575733,0.08427155363901673,0.20495204760238012,0.24287305852283897,,3.251024123805189,4.921646746347942,0.7833723653395784,6,False,,,,
74,TT,Trane Technologies plc,True,36.213683374694185,12.319710030933239,27.184568306039836,24.829536178231105,0.02660056183801793,0.03678557587312582,0.2985733947084848,1.036524192705612,0.34019488996643044,0.49699564887077835,17.500661667401854,1.250735680086532,8,False,,,,
75,VMC,Vulcan Materials CO,True,36.53792504869916,4.614653658013911,26.870328414382804,18.37725767490156,0.02885838640740599,0.03721577141069601,0.09928706687325638,1.0048393100881003,0.1262976387373755,1.7646214264600313,6.756779307467668,2.6858069239619287,9,False,,,,
76,AAPL,Apple Inc.,True,40.469232693470275,61.478018716119045,34.541012807182305,31.749535427056717,0.021788638582458133,0.02895109085487107,0.8228358730470098,2.6698639483083837,1.5191298333175105,0.43332550363390165,,0.8932929222186667,8,False,,,,
77,CL,COLGATE PALMOLIVE CO,True,35.7045060330743,1409.666793750267,25.051423733367944,21.041668410191672,0.04773915126230769,0.03991789092082707,0.3619024314856789,0.7094420600858369,39.48148148148148,1.7017276422764227,12.382022471910112,0.8330658105939005,5,False,,,,
78,CSCO,"CISCO SYSTEMS, INC.",True,43.630676033545505,9.481892321616746,39.151809695705204,36.952269825159966,0.02991712797804146,0.025541603511361977,0.17090221996097638,5.565546616185518,0.21732169160813783,1.3053772070626004,7.382297551789077,0.9977754962354551,8,False,,,,
79,ABBV,AbbVie Inc.,False,109.14732955959468,-141.05706872135997,34.69516515547908,34.69516515547908,0.03862492034040424,0.02882245971502688,0.16534115541561412,2.6785714285714284,-1.2923547400611621,4.0977114427860695,5.210853784998272,0.6713483794959458,8,False,,,,
80,ORLY,O REILLY AUTOMOTIVE INC,True,29.466263763051032,-97.97778204517707,23.294910518645256,20.296539207690035,0.021301581539407283,0.042927831776799465,0.5357751010011834,0.5530409074020064,-3.325083316739853,1.4660983493301094,14.7219991151346,0.7685066730508747,7,False,,,,
81,MSFT,MICROSOFT CORP,True,28.485440677013635,8.445143356716574,22.669289143390174,22.669289143390174,0.024687239051978328,0.04411254334772893,0.29706098731461084,0.5042706539181337,0.2964722734140952,0.1004372588074194,53.89014675052411,1.3534464445042416,6,False,,,,
82,KO,COCA COLA CO,True,27.6196588101391,11.253407567051918,25.66748060052995,23.847952202571776,0.014629395048000824,0.03895980347908993,0.48306722810728364,0.7102601156069365,0.4074419472162641,-0.5924250607615447,8.32043530834341,1.4587660354306657,6,False,,,,
83,MDT,Medtronic plc,True,22.180162982964035,2.1528609765119446,16.16483106250353,11.09156100596396,0.050954594567925816,0.061862694149624156,0.10729315202452645,0.31475713034167235,0.09706245072074075,-0.20679045092838197,9.044755244755244,2.126179447589638,7,False,,,,
84,ROK,"ROCKWELL AUTOMATION, INC",True,60.40037397977517,14.36451149108501,32.43918085051358,27.240594175751784,0.025872617374367253,0.0308269189844283,0.21700468018720748,1.3483768804433887,0.2378215654077723,1.358974358974359,10.916666666666666,1.135268505079826,7,False,,,,
85,IDXX,IDEXX LABORATORIES INC /DE,True,41.531316555987544,27.408372185125163,32.551244614036584,29.411566570383208,0.02402514868554035,0.030720791535227044,0.5802952580714188,1.3433824611588583,0.6599446985547996,0.17922169206504857,35.005430865849895,1.2306839923608173,8,False,,,,
86,WAB,WESTINGHOUSE AIR BRAKE TECHNOLOGIES CORP,True,38.023678429052424,3.9927933730022738,27.462188378132367,21.464561360937807,0.03369470377746695,0.03641370404393124,0.08382793386841089,0.8300925925925926,0.1050080775444265,2.071490845684394,7.9688888888888885,1.105631067961165,5,False,,,,
87,SCCO,SOUTHERN COPPER CORP/,True,32.67822160082315,12.872817166423498,20.643207101803736,18.365401095881783,0.024116863927041484,0.04844208533433854,0.3301973197517251,0.4248707492900313,0.3939264909721782,0.31080926544770715,,3.8937578667661183,7,False,,,,
88,AMGN,AMGEN INC,True,26.18750452898225,23.323151700506134,27.24745015671609,17.36553993282671,0.04011254343171095,0.03670068187108932,0.14409589598313233,0.7908718752721888,0.8906213906213907,3.191900049133151,3.2958257713248638,1.1399819529993331,8,False,,,,
89,PEP,PEPSICO INC,True,23.921763113800772,9.65967500037824,20.027598543896186,15.404196137381655,0.03892137702124069,0.04993109871901093,0.17380557103799898,0.3844841999665608,0.4038028030971283,2.218342364037728,10.256913470115968,0.8530399218654621,5,False,,,,
90,PH,Parker-Hannifin Corp,True,34.37353481063946,8.873507159127218,29.961197366270667,29.961197366270667,0.02751893266195852,0.03337650320763773,0.1660329912623777,1.0685840707964602,0.25814939336354337,2.032206119162641,10.62836185819071,1.1943632926619694,8,False,,,,
91,NOC,NORTHROP GRUMMAN CORP /DE/,True,18.646054530321774,4.676610294218883,19.789581034317372,14.92074211028007,0.04240950627046934,0.050531640779351863,0.13309886956916103,0.3644663488729094,0.250809643756747,1.8875146247701822,,1.1012102002593287,6,False,,,,
92,DOV,DOVER Corp,True,26.30680913129856,3.886251333188955,22.67163017592523,17.76236962747048,0.03883949207758119,0.04410798836432546,0.11233352445609897,0.4418688229430831,0.14772796327340523,1.3450795179293278,12.511031957147543,1.7895412685939862,6,False,,,,
93,GD,GENERAL DYNAMICS CORP,True,23.99441671325055,3.9425686660988535,19.733102009481858,16.82969655458357,0.039191619398133884,0.050676269727866145,0.14585180352082716,0.35761500968151166,0.16431191944422763,0.7442675159235669,,1.4436770659680875,8,False,,,,
94,UI,Ubiquiti Inc.,True,44.66373185941436,47.5819191823811,38.44038278186492,37.45937431942445,0.019732652724803214,0.026014309110152036,0.7258559867128781,1.5606256834782088,1.065336844940592,0.40764127847155784,,1.6504378530079975,6,False,,,,
95,GOOGL,Alphabet Inc.,True,33.30331652256638,10.599735939189669,34.249601630418695,34.249601630418695,0.01664493511733374,0.029197419893837617,0.2479385726141225,1.2492521274432924,0.3182786895115167,0.13821402831702043,175.32472826086956,2.005333592875566,6,False,,,,
96,ABT,ABBOTT LABORATORIES,True,25.470402879275728,3.1875869630614777,21.18166005021667,21.18166005021667,0.04450291015268218,0.04721065287750055,0.10976417747934583,0.3777913304559955,0.12514866679455208,0.5472494722463678,16.33468559837728,1.5758971871968963,6,False,,,,
97,EOG,EOG RESOURCES INC,False,13.98738122554592,2.3349029096376057,11.620541660645056,6.840969804832997,0.14419192823571594,0.08605450840442923,0.14540493330226098,0.14093056107358848,0.16692923943284282,0.41858749769500275,27.170212765957448,1.6320613941590278,4,False,,,,
98,MMM,3M CO,True,25.747770039445406,17.796735990684297,19.668881535579516,15.335565542900046,0.016682550018134058,0.05084173180824115,0.29223314151556395,0.33318937594472037,0.6911952360697575,1.2408623884116556,10.332589285714286,1.7078686816050026,5,False,,,,
99,DELL,Dell Technologies Inc.,True,45.437143701106066,-109.19630972055289,34.56864462017003,25.20127795757431,0.03170755666558913,0.02892794933060587,0.6999602430678779,1.2206411024565609,-2.403238866396761,1.0721953837895868,5.223717948717948,0.9104300684379396,7,False,,,,
100,NVDA,NVIDIA CORP,False,39.26879196041813,29.975180359656967,36.14431687447003,35.37303193208379,0.020504419214254162,0.027666866784978147,0.7133233260959281,1.2558343366241271,0.7633333969089534,-0.016039930946483524,503.42471042471044,3.905263812455306,4,False,,,,
101,EA,ELECTRONIC ARTS INC.,True,58.01207859656388,7.607438455817883,41.81817015073336,32.7223661381496,0.04961451705082816,0.023913050150102352,0.22396653628857016,1.4727503168567808,0.13113542282672974,-1.9286195286195287,21.92452830188679,1.0463523834606268,5,False,,,,
102,BKNG,Booking Holdings Inc.,False,56.053070619734946,16.26055284324809,45.31971616752701,41.82270443270728,0.021184357070157943,0.022065451520116342,0.1972267415153212,1.3642940780244424,0.2900920977828311,1.3255866439410309,20.339058472561145,2.468708617323579,4,False,,,,
103,APP,AppLovin Corp,True,54.064837885346655,84.43395135133812,43.658081156091455,41.701735104560505,0.02203241500148852,0.022905266872006662,1.1409472869370259,1.3406227437872213,1.5617165361781746,0.23601649254191465,20.69593001520325,3.3219612112269714,9,False,,,,
104,ECL,ECOLAB INC.,True,38.42172212569876,8.161883002835014,28.894625381392586,28.894625381392586,0.023878930890430687,0.03460851237213046,0.24649337525615567,0.5827780734433209,0.2124288696933721,-0.23604617182933957,8.940561724363162,1.0760474822483603,5,False,,,,
105,CRH,CRH PUBLIC LTD CO,True,19.145102161152654,2.9933164643728505,15.700104487280498,11.24388736319193,0.04052799492630224,0.06369384361805706,0.1134535203935071,0.17304450170181634,0.15634894184302617,1.7847551342812007,6.716049382716049,1.7425177061914554,6,False,,,,
106,TDY,TELEDYNE TECHNOLOGIES INC,False,33.76207543450797,2.8733681220857843,28.1208080525289,21.757153017157478,0.03555078296917768,0.03556085579518296,0.07446094846174799,0.565123365772142,0.0851063829787234,1.4285714285714286,19.29194630872483,1.6427073813235848,7,False,,,,
107,PBR,PETROBRAS - PETROLEO BRASILEIRO SA,False,6.1563210324209265,0.6605967806450768,7.107059860352577,5.256156501037733,-0.13831343769457788,0.14070516073441242,0.07807237257805139,0.09706763956637389,0.10730382271590246,1.5857339660186744,,1.9034036719122556,5,False,,,,
108,FCX,FREEPORT-MCMORAN INC,True,21.10983302598358,4.637707112751142,14.299329046315407,10.63718634146129,0.012732745296317018,0.06993335119158448,0.1736366564667505,0.13437235862865154,0.21969416371236572,0.6339876740470213,,2.291078252201362,5,False,,,,
109,GM,General Motors Co,False,25.40843708565072,1.1211988877435821,16.35667061533173,3.1957522211028278,0.2563093978113403,0.061137136249638846,0.06455804801248033,0.1885899513776337,0.04412703087419624,-1.4067432332594534,,1.165252512266718,5,False,,,,
110,ROST,"ROSS STORES, INC.",True,31.917435120775718,11.06503974278377,24.151789624053727,20.327211426325352,0.0322446576230303,0.04140479921223147,0.6568731973750659,0.39227523977143525,0.34667697140805986,-0.9564895975687246,,1.5827246964065977,6,False,,,,
111,VALE,Vale S.A.,False,8.858337731768266,0.6575652165215301,7.9424589872899185,5.378757562212711,0.01675601183855932,0.1259055919080313,0.0934675098301512,0.09126622862571247,0.07423121994585202,1.7941845950510316,,1.819388160508542,4,False,,,,
112,RTX,RTX Corp,True,39.85838874465241,4.112601318553146,28.074803551505376,19.08873176114929,0.029590796585257356,0.03561912724217013,0.1297611421268539,0.5049956559513467,0.10318032033105985,-0.5286591606960082,,1.0263336962438758,7,False,,,,
113,EPD,ENTERPRISE PRODUCTS PARTNERS L.P.,False,13.684904726204818,,15.542980520127994,15.542980520127994,0.03729123677404966,0.06433772458924533,0.21652815513607887,0.14003507622333147,,4.6003303055326175,5.1862955032119915,1.041147132169576,6,False,,,,
114,REGN,"REGENERON PHARMACEUTICALS, INC.",True,15.772541925701736,2.273217245507192,19.542615534557633,16.96465550298276,0.05742837621073573,0.05117022326063153,0.1022894421427882,0.26205002380342035,0.14412497720503312,-0.2746991459627329,81.68721461187215,4.125515062723194,5,False,,,,
115,CTAS,CINTAS CORP,True,40.040037289735764,15.490253630974193,31.666737926131937,26.183324282406907,0.024213464958898086,0.03157887630651033,0.27590929180216966,0.6851421007444236,0.3868691110071745,0.7572161551051557,23.338667563397554,2.089489097611313,8,False,,,,
116,FIX,COMFORT SYSTEMS USA INC,True,59.945726922158315,25.03211101966468,45.99255784893101,43.90834685685097,0.01682686698230822,0.02174264808851554,0.644666014232506,1.1900448556336594,0.4175795724717757,-0.6076097920898424,145.91952491952492,1.2111769818937195,7,False,,,,
117,UAL,"United Airlines Holdings, Inc.",True,12.905349989316937,2.831542894528183,12.432768621722827,7.657558613980618,0.05909182290756326,0.08043260760541915,0.11990861695470037,0.10218772359662627,0.21940845439078654,2.0026136957658127,3.4326292789512016,0.645046492939961,7,False,,,,
118,VRTX,VERTEX PHARMACEUTICALS INC / MA,True,33.901499245143384,7.179944433986265,30.895120603814924,29.416305084506586,0.023830877004158396,0.03236757068611411,0.26162500645107073,0.5685849750674405,0.21178840446163572,-1.1600921722068855,313.78195488721803,2.9009116336890086,6,False,,,,
119,NXPI,NXP Semiconductors N.V.,True,34.149178850634925,6.863115598362488,26.245648328563565,20.616264619008295,0.03510806029126129,0.03810155449319512,0.11642929450630378,0.43305855599772597,0.20097454256165473,2.8241814900747615,6.53862660944206,2.045864467920639,5,False,,,,
120,GWW,"W.W. GRAINGER, INC.",True,37.166631672033276,16.971700651094423,26.176061576147802,23.11832694955355,0.020991613664519283,0.038202844117360336,0.32920059228900433,0.42928423950447353,0.45663811563169165,0.6736283185840708,30.80246913580247,2.8268041237113404,6,False,,,,
121,ORCL,ORACLE CORP,False,23.64626203995434,9.505120906104729,18.089618532306115,18.089618532306115,-0.05862237476571122,0.05528032546480222,1.450997415099385,0.19669721267659412,0.4019713936200245,-1.518441230709502,4.480539247662535,1.1150033521693323,4,False,,,,
122,AVGO,Broadcom Inc.,True,74.15332701050896,21.09518575560978,66.78087586112974,66.78087586112974,0.01569448559023901,0.0149743468785808,0.373304426801043,1.6347424465969593,0.2844806377011268,-0.5111442473708994,7.938940809968847,1.7053581073782003,8,False,,,,
123,SYK,STRYKER CORP,True,38.56519608726671,5.583524821555208,27.82381396998727,21.06063268296451,0.03421401291676088,0.035940435810801155,0.1056769584735217,0.45113961428439603,0.1447814451382694,1.6795169530887135,8.400343642611684,1.8931229150628688,5,False,,,,
124,PWR,"QUANTA SERVICES, INC.",False,97.51929525119384,11.219948986857741,61.958816123169164,61.958816123169164,0.016161824403084193,0.0161397531872152,0.14218413860098947,1.3573814098325583,0.11505363075027335,-0.27273071388369535,6.163854730440437,1.1362083559827347,4,False,,,,
125,RCL,ROYAL CARIBBEAN CRUISES LTD,True,18.619064833068304,7.9173227764805745,16.016531304997052,11.864992261245552,0.015553788739317868,0.062435491240728676,0.5230059142972523,0.13755042581801882,0.4252266613529939,-0.12447193723596862,4.949596774193548,0.18340937370385732,7,False,,,,
126,OKE,ONEOK INC /NEW/,False,16.308808294955675,2.4610089635216634,15.341192570072218,12.139736257034405,0.04422093102480043,0.06518398067375883,0.08015825851587693,0.11995152629489564,0.15090060040026684,4.512474155754652,3.2198541783510937,0.7051060487038492,6,False,,,,
127,EQT,EQT Corp,True,16.13654351913303,1.3853763919646394,12.492520188293296,6.939464701979343,0.08623025234476644,0.08004789945723657,0.08072486641132919,0.09683645010424996,0.08585335455031026,1.314448063242296,7.407467602776417,0.7626850168682825,8,False,,,,
128,CCL,Carnival Corp Ltd.,True,13.850328515325408,3.1119266283212412,14.03946167796077,8.65377515499768,0.06819803706071965,0.07122780224328729,0.12065069395591616,0.10307168804892629,0.22468251383914034,3.3977725835281176,3.323202372127502,0.3222578673999389,9,False,,,,
129,EXC,EXELON CORP,False,17.69913545226308,1.701201713030912,9.837258533773156,5.760687854836106,-0.04643690454827976,0.10165433759485046,0.1422013461066883,0.06105457909343201,0.09611778595735815,0.18780571038562166,,0.9240151001839125,5,False,,,,
130,BDX,BECTON DICKINSON & CO,False,25.957944698861496,1.7155349036900194,23.473218768782314,12.009012339751951,0.0612983806931327,0.042601741578361114,0.05429952607324879,0.3248519964731074,0.06608901142181961,3.368379289823448,4.207177814029364,1.113316492241068,7,False,,,,
131,GRMN,GARMIN LTD,True,27.820006639928437,5.158987708317333,23.458911786137985,23.458911786137985,0.02944334013986666,0.04262772327704076,0.23148297285459096,0.31779084010093683,0.18544164187627973,-1.2145808591976017,,3.6325337733151715,7,False,,,,
132,CMI,CUMMINS INC,True,30.87837920809498,7.393907791589347,22.089283805797976,17.331260685835645,0.026131516766674207,0.045270820402856196,0.3018049862443561,0.2820009808729769,0.23945258725402865,-0.4674463937621832,12.23404255319149,1.7611862643080125,6,False,,,,
133,PANW,Palo Alto Networks Inc,False,250.1710009791462,36.25439624894611,226.40622577058002,177.39412343834957,0.01223186618038956,0.004416839672126823,0.1589692388560284,3.209140201394268,0.14491846020142118,-1.430120405976171,414.3,0.9417626439659489,4,False,,,,
134,NSC,NORFOLK SOUTHERN CORP,True,25.22754199219346,4.6619108602027275,16.287586809819057,12.341055512884294,0.0297604560020319,0.061396449435784116,0.24360962584801285,0.11941116806930015,0.18479449411462018,-0.2661332405635763,5.5,0.8471523178807947,5,False,,,,
135,MELI,MERCADOLIBRE INC,True,44.765839814163996,13.247981936705024,29.653352736296625,23.61791045257166,0.12050688449554986,0.03372299951687989,0.18329883694476334,0.4419439458787795,0.29593953764078246,1.374222443393879,,1.172528201725282,5,False,,,,
136,VLO,VALERO ENERGY CORP/TX,True,33.861467039205365,3.3511791194121896,26.117486516206917,25.610272690522255,0.07327682065536648,0.038288523644090376,0.0870959810187651,0.3495220305460938,0.09896733403582719,1.1014180024660913,5.721223021582734,1.6450492593380113,5,False,,,,
137,IR,Ingersoll Rand Inc.,True,54.2446405554553,3.1257144858115833,26.46254937877137,18.352541213609857,0.03868686731204193,0.0377892540014385,0.09909546480982019,0.36780205655526993,0.057622549505441135,-0.7566650508967523,4.508074044899566,2.0558486183032474,5,False,,,,
138,ET,Energy Transfer LP,False,15.00510005907295,1.357225230807394,14.79767459420299,9.081420121141505,0.05781927647658438,0.06757818558814312,0.061439377622317375,0.08562891291974957,0.09045092838196286,4.559181453531851,2.598445595854922,1.2191909060514878,5,False,,,,
139,A,"AGILENT TECHNOLOGIES, INC.",True,28.32772943276371,5.4756017580316145,26.01489618045376,21.77477727837641,0.03121018174560354,0.03843951530936141,0.16168463920544404,0.34637002341920375,0.19329476338822132,0.8856819468024901,13.205357142857142,1.9573924158500213,5,False,,,,
140,CARR,CARRIER GLOBAL Corp,False,39.21749999065834,4.119391986561224,31.51094382418829,19.86122170230324,0.036444069187462645,0.031735006275260616,0.07722612384775593,0.4738219895287958,0.105039637599094,2.9724318049912943,4.74235807860262,1.1994658420016868,5,False,,,,
141,CLS,CELESTICA INC,True,46.43256134778833,17.44127930426106,36.571064977451506,31.288644625151086,0.0118561305801566,0.02734402185488901,0.5437074636455543,0.600311490539917,0.3756260434056761,-0.48964156527458075,19.785171102661597,1.4400446745862525,6,False,,,,
142,FDX,FEDEX CORP,True,18.25120103323558,2.6602519992875973,17.075122604562008,9.395729841577893,0.039914886824670856,0.05856473321795225,0.09238155093696353,0.11692852500168098,0.14575764052147894,1.51851070562177,6.612167300380228,1.193043929660632,5,False,,,,
143,FTNT,"Fortinet, Inc.",False,61.76557197245603,92.50610997474747,54.19355835072193,50.51071269895382,0.019443323939545783,0.018452377559863235,-6.438238655699869,0.8388459681313375,1.4976969696969697,-0.6701837528501811,103.71641791044776,1.1720699245133095,6,False,,,,
144,TKO,"TKO Group Holdings, Inc.",True,193.03507245536207,10.09253064191077,48.682546137488686,30.795835063499847,0.034086360944228025,0.020541242793172966,0.10999175598127649,0.7443342473177706,0.052283403806034225,2.220464316423044,4.118974566405556,1.2608854768095723,5,False,,,,
145,MDLN,Medline Inc.,False,30.184554691660292,3.2582563926268304,20.617494976326526,14.15013927633704,0.03707419816658712,0.04850249757054494,0.09601143936201759,0.17058687437340941,0.10794449101238707,3.295687247905678,2.3407407407407406,4.2887550200803215,6,False,,,,
146,ABNB,"Airbnb, Inc.",True,36.95077078335791,11.316427056593696,34.67861062775618,34.67861062775618,0.05007362016504616,0.028836218692095374,0.5597403387156047,0.4841103710751665,0.3062568605927552,-1.7928459119496856,,1.3771704886804894,6,False,,,,
147,NOW,"ServiceNow, Inc.",False,62.70933620444151,8.455408800166905,58.05368403802838,41.3309600645448,0.041745761137020325,0.0172254356733837,0.1526468132176014,0.7872248597324126,0.13483492749151496,-1.4543325526932085,,1.0026812218711099,4,False,,,,
148,CSX,CSX CORP,False,31.44493164960957,6.903070481437846,19.945677402283135,14.541913809985816,0.018834400998511622,0.0501361763669923,0.27745558611920046,0.12281654940099426,0.2195288753799392,-0.10804708917916465,5.356635071090047,0.8139163740823492,4,False,,,,
149,TRGP,Targa Resources Corp.,True,28.89600346162555,18.112394359889805,21.86401736812738,15.028043878408322,0.010511631830656745,0.04573724870241669,0.12892131572882815,0.16222217893527086,0.6268131295022654,3.5626534612607035,,0.666149768805684,7,False,,,,
150,LYV,"Live Nation Entertainment, Inc.",False,88.61533714756253,162.1756116843878,29.456541907399664,19.499889156410564,0.007590568584288078,0.03394831623968711,-0.12291367729336194,0.36630587940467907,1.8301077093949603,-3.7533682276337252,3.959134014485829,0.9950622231692334,5,False,,,,
151,MNST,Monster Beverage Corp,True,50.095511172100636,11.564373769240486,38.59107556962646,36.848076913751136,0.02059536994994567,0.025912726847837877,0.3011588683696502,0.4843698947395396,0.23084650697567805,-0.8241065279551029,,3.7029686830872093,7,False,,,,
152,WDC,WESTERN DIGITAL CORP,True,98.35027454155637,34.98092046864997,80.71151182904885,67.64117364775583,0.0068843510819660975,0.012389806327975266,0.295144157814871,0.8392664509169363,0.3556768970062135,0.9324955116696589,6.53781512605042,1.080841638981174,6,False,,,,
153,FAST,FASTENAL CO,True,44.33765274383146,14.148113960046029,33.60675376749261,30.32465105064991,0.018829812227597435,0.029755923672916226,0.33201441367594153,0.42583781281345645,0.3190993001318592,-0.082729304049267,267.0483870967742,4.852012297372834,8,False,,,,
154,WAT,WATERS CORP /DE/,False,57.95087644961628,14.540177687989054,46.84910287961004,46.84910287961004,0.014495079340984766,0.02134512591563896,0.23391930614402023,0.5177345773942841,0.2509052248869884,0.4480680000199355,11.540058664519469,1.7326718295053083,4,False,,,,
155,TMO,THERMO FISHER SCIENTIFIC INC.,True,29.01574292167049,3.642248030162319,28.897694364430542,28.897694364430542,0.032351172946234255,0.03460483689075469,0.08662487371414906,0.32163766972553254,0.12552661636115117,3.785179447456752,5.45877378435518,1.8899861742050168,5,False,,,,
156,DHR,DANAHER CORP /DE/,False,38.76287631938105,2.6666356077634124,32.81237420431623,32.81237420431623,0.03754754966593221,0.0304763073154413,0.06012904988996373,0.40853658536585363,0.06879354322914684,2.9426439232409383,17.69811320754717,1.873953283384751,5,False,,,,
157,HEI,HEICO CORP,True,73.83093617978548,11.839255319868563,49.811037778760316,41.773050756152465,0.01689915781268738,0.020075871625915113,0.2078323719034677,0.5209409469590076,0.1603562941561357,-0.1764690874794457,7.84586955350062,2.832157056937226,6,False,,,,
158,KMI,"KINDER MORGAN, INC.",False,23.34028691909464,2.288938990589603,21.600744459092553,14.217906761147168,0.04053111500652609,0.04629470071708862,0.06043439908454831,0.12010882001474664,0.0980681599383865,4.279503971018531,,0.6372049976862564,6,False,,,,
159,APH,AMPHENOL CORP /DE/,True,47.41687534770318,15.096009333956872,32.606359744623404,28.17754127481916,0.021621925116937748,0.030668863615322593,1.9764454478395956,0.37213696892834497,0.3183678642521117,-1.6390222353114416,15.955954323001631,2.979243840771447,7,False,,,,
160,BABA,Alibaba Group Holding Ltd,False,11.894507730571577,1.1614848051816948,21.94824169157138,21.94824169157138,0.06185351727854371,0.04556173629088578,0.041429130634608013,0.12023882374344641,0.09764883351972743,-2.62283356258597,5.119718309859155,1.2820613063434836,3,False,,,,
161,WCN,"Waste Connections, Inc.",True,39.84363245493196,5.20217821648074,25.054744970268626,14.562846984238135,0.028788238128345724,0.039912599437218636,0.15835947866837,0.1958215923897044,0.1305648580702335,-0.015623258153540792,5.111848417730032,0.6174208348220863,6,False,,,,
162,LIN,LINDE PLC,False,36.659237282592116,6.611986371429479,30.79776070551613,21.66233791386729,0.020124534146680233,0.03246989317054119,0.11512824419099141,0.31574663835810335,0.18036344620211792,1.7289137632035314,15.518260869565218,0.8767601000131596,4,False,,,,
163,LRCX,LAM RESEARCH CORP,True,82.01667825131527,44.562982983800914,74.14747287050663,69.59198578864475,0.01231975395576384,0.01348663631121225,0.668336887245175,0.5699165122349695,0.5433405001754783,-0.30558615100890774,33.29760353009553,2.210118102893768,8,False,,,,
164,STX,Seagate Technology Holdings plc,True,125.18968281616426,-405.9683091764797,99.47494394547371,87.81300516438361,0.0044479814643950625,0.010052782744448098,0.5026119834618733,0.709992486851991,-3.2428256070640176,1.9168612797758058,5.88785046728972,1.3795317220543806,7,False,,,,
165,VRT,Vertiv Holdings Co,True,86.61181122718875,29.288869663206853,63.73767393758385,54.53903661955627,0.016405595809788252,0.015689308037492335,0.2731187547096237,0.5487508622499475,0.3381625352041205,0.553991488565683,21.250871080139373,1.5474245518493306,6,False,,,,
166,WMB,"WILLIAMS COMPANIES, INC.",False,34.16733856212418,6.984468833890927,21.469755089523616,13.768468952413434,0.011235315398046323,0.046577149847785645,0.23832250253926893,0.09991427755024287,0.20441945810884674,0.09735595292679199,2.909847434119279,0.5312807075008189,7,False,,,,
167,AGGI,"BILI Social International, Inc.",True,80069.44101737991,75792.24303497319,79459.23721932842,77533.2876877566,6.275658448025126e-07,1.2585069212780593e-05,1.300835766619057,1.0558176753828927,0.9465813932499126,-0.27287112385207885,77.48395760743321,3.184238726515374,6,False,,,,
168,AMAT,APPLIED MATERIALS INC /DE,True,68.41801617916582,23.45281788987521,57.67924685991101,54.803218388560566,0.011900851316184265,0.017337258276425817,0.31713518193089,0.4738737708666819,0.34278716629928974,-0.0786336542870243,30.814126394052046,2.6104513064133017,6,False,,,,
169,HWM,Howmet Aerospace Inc.,True,71.74606494911629,20.211669333694633,54.00834112574162,47.44571315726379,0.013226355936251644,0.018515658491932034,0.21887879321010426,0.4446859378396001,0.28171118998692324,0.9909832546157149,,2.13382269904009,7,False,,,,
170,XYZ,"Block, Inc.",True,37.60490724861327,2.2112099605513156,24.897026046765486,20.469470257948608,0.049384092294737836,0.040165439764638704,0.08430102737362238,0.1335130798828834,0.05880110130128978,-3.158949630281987,6.66304992199688,2.201065823355283,5,False,,,,
171,MU,MICRON TECHNOLOGY INC,True,129.03042272306504,20.341378743325993,112.96640528477506,60.90286831653528,0.0015138990367633432,0.008852189263517036,0.15399768629369978,0.561914073733249,0.1576479276285424,0.10434830592649817,20.48218029350105,2.5179849834119086,7,False,,,,
172,STLD,STEEL DYNAMICS INC,True,26.807682823029367,3.5483319102558712,23.86495516662726,17.374349758786483,0.01577913150489426,0.0419024462027232,0.09467326767843263,0.11413984103633772,0.1323624997236854,1.6974083741743022,21.072569707179877,3.055322784171923,5,False,,,,
173,CAT,CATERPILLAR INC,True,49.970457910043386,20.81985210418451,42.15474909487987,35.04567264273506,0.02009293456929913,0.023722119606245276,0.178273277986019,0.35893391701805777,0.416643212308847,1.9555654961604414,,1.4356638765796816,6,False,,,,
174,DUK,Duke Energy CORP,False,20.33729357517667,1.9489154446486958,22.09908120582862,11.673403213807575,-0.016766355138358103,0.04525075005092295,0.05413503985941735,0.06637477973822513,0.09582963620230701,5.486282914880588,2.3736929003852505,0.5517650971634912,5,False,,,,
175,ODFL,"OLD DOMINION FREIGHT LINE, INC.",True,44.21623803545788,10.4995817790422,33.18347631827922,26.17110258720513,0.02110049408500276,0.030135480394172777,0.24305710948960618,0.28865475847860855,0.23745986193177218,-0.05799929073411337,,1.4358842419808806,5,False,,,,
176,WMT,Walmart Inc.,True,40.65370408586506,8.934534703432584,30.982952005091157,20.98815625401662,0.01676682147741289,0.03227581412628722,0.16863969519851524,0.21916771382171174,0.21977172570946726,0.7730307985827201,12.86669542709232,0.7897533242144247,7,False,,,,
177,SBUX,STARBUCKS CORP,True,64.01449858548953,-14.67733556975802,44.844893813969485,27.971265515622605,0.020549239401898654,0.022299082792977723,0.4570032455465414,0.34574674751280393,-0.22928142677173136,2.7304007986236485,5.412089937338739,0.7230177074355559,5,False,,,,
178,PDD,PDD Holdings Inc.,False,34.917260567113544,8.264431818233128,35.525424858336564,35.29738715336321,0.03130163143467501,0.02814885406684546,0.2501961340395745,0.30371067397717544,0.23668614559118353,-1.1621812674396295,,2.428121940948384,4,False,,,,
179,TER,"TERADYNE, INC",True,104.28383512464734,20.666406032904735,88.73826053541258,74.14141706164462,0.007795438780701169,0.011269096260918167,0.21137724944339287,0.46528861377776126,0.1981745877316729,-0.12049761449400538,94.95340344726847,1.7479266181076698,5,False,,,,
180,ED,CONSOLIDATED EDISON INC,False,20.765546359706185,1.7366143152412408,22.548790557303448,12.591457436393762,0.11426204494204718,0.04434827657202682,0.04727459163266787,0.05284574803291381,0.08362959900785448,4.598934550989346,2.3803730738037308,1.0205624433020866,6,False,,,,
181,AMZN,AMAZON COM INC,True,33.609214975373554,6.350401340754538,32.415989085805116,17.78941149883871,0.00294779277740769,0.030848973861417592,0.16353949811283713,0.2172625596640071,0.1889482198679041,-0.12323390356204239,35.16930518909411,1.0508153482718285,6,False,,,,
182,ADI,ANALOG DEVICES INC,False,81.02427855619753,5.432667399860391,64.72371958569288,64.72371958569288,0.023290271773202514,0.015450286330902546,0.06143081679829027,0.4085419303211109,0.06704987068897324,2.0775131492080465,9.229928615493082,2.1899250755052453,8,False,,,,
183,SE,Sea Ltd,True,41.776071595910565,5.263150107656915,31.113564162408547,26.20171718027988,0.06841789189088616,0.03214032294018573,0.16953424585452026,0.20102772620942827,0.1259848019834426,-1.764140222789024,59.068908063076464,1.5836937308207117,7,False,,,,
184,COST,COSTCO WHOLESALE CORP /NEW,True,52.1108119303243,14.471453361119755,39.84132387784807,32.29545365162749,0.0185690894337763,0.025099567551167743,0.3738797102601004,0.31292004460383954,0.27770539020710466,-0.6536810055429776,67.42207792207792,1.0342783227336423,7,False,,,,
185,CDNS,CADENCE DESIGN SYSTEMS INC,False,92.81188567310083,18.800618079722508,66.96639188459403,58.0954777281268,0.01541917071403259,0.01493286366276597,0.43958369770249583,0.4201294931049455,0.20256692279630506,-1.7450836400425613,12.802721788898328,2.855560875709583,4,False,,,,
186,DTE,DTE ENERGY CO,False,21.921232142885348,2.6049615047466776,24.443488371060816,13.767222157271263,0.10636889983659104,0.0409106910118411,0.05849118576172528,0.07054348795055418,0.11883280500690889,6.1637010676156585,2.2481060606060606,0.8038454427805509,4,False,,,,
187,ANET,"Arista Networks, Inc.",False,57.373079048549414,16.28550420525253,51.73515463060512,50.77912026142908,0.021107930076343772,0.01932921641271034,0.30616917078704153,0.34387707783405863,0.28385271411826524,-0.4998854582940922,,3.0478936110852786,4,False,,,,
188,D,"DOMINION ENERGY, INC",False,20.460978772264845,2.109205183758553,24.893750421216584,16.156596729782386,0.08739523890759864,0.04017072490401906,0.048487489746534634,0.05589676700393836,0.1030842760375477,7.137038670783708,,0.7727882037533512,6,False,,,,
189,AEE,AMEREN CORP,False,21.787795991295827,2.375342880627058,25.4930749966847,14.197078049280705,-0.02434659247859497,0.03922633892263083,0.055797052793272114,0.05153511561061227,0.10902171479740318,5.447223749312809,2.6108247422680413,0.6580496544663424,6,False,,,,
190,TXN,TEXAS INSTRUMENTS INC,True,53.3353295272537,16.390953294770217,46.082182129469665,46.082182129469665,0.009758932876825464,0.021700361263068263,0.19468317746281366,0.26288682292348653,0.3073188717507528,1.7969450439980077,,4.352643241532131,7,False,,,,
191,MLM,MARTIN MARIETTA MATERIALS INC,False,31.655859588236545,3.587790306202647,28.704740676287372,19.888482329713092,0.027172167255419752,0.03483745111225086,0.07590158035858338,0.11415633937082936,0.11333732057416268,2.5342333654773386,6.247826086956522,3.5675977653631286,8,False,,,,
192,FLEX,FLEX LTD.,True,56.98009405159016,9.747761035264256,37.64947570570127,37.64947570570127,0.020980213622886844,0.02656079483860036,0.16188569727277788,0.20055710306406685,0.17107309486780714,0.9956140350877193,6.944162436548224,1.3591877496671105,6,False,,,,
193,VEEV,VEEVA SYSTEMS INC,True,34.44725945220699,4.339625367534137,32.61577792315939,32.61577792315939,0.04520139574586437,0.030660007630538007,0.12035326070492329,0.14249611442371013,0.12597882782388084,-1.5509396323969928,,4.885373499745885,7,False,,,,
194,CEG,Constellation Energy Corp,True,37.26378722412678,5.952657062254598,29.73613822837006,16.136051094206085,0.014904867615766178,0.03362911459181812,0.10281277106774263,0.11580171863859808,0.15974374870841082,0.9409178828908036,6.039138943248532,1.52555387713998,5,False,,,,
195,WEC,"WEC ENERGY GROUP, INC.",False,24.88330627654229,2.754325324003866,27.003689657963175,16.28097516064928,0.08730949960841515,0.0370319764693751,0.05801392563038349,0.05864711153374906,0.11068968461801207,5.885642155019606,2.507987934309016,0.5872456824114135,5,False,,,,
196,TPR,"TAPESTRY, INC.",False,159.04404782992017,33.9669731434383,73.3739025600997,52.691070362418024,0.0375434978577823,0.013628823942966804,0.16204624499048553,0.3077037146882183,0.21356959664257402,2.2725385014708426,1.53023598820059,1.866272721433618,7,False,,,,
197,ISRG,INTUITIVE SURGICAL INC,True,52.82805174336187,8.464817985807985,50.07941462537481,50.07941462537481,0.016508158237060054,0.019968284523304083,0.17700222235413615,0.22457817729896232,0.16023339317773788,-1.1434391444576473,,4.874638620277141,7,False,,,,
198,KEYS,"Keysight Technologies, Inc.",True,63.10260905544692,9.120424706194505,61.98426677754553,61.98426677754553,0.02388267055971,0.01613312622683569,0.10754397435368565,0.26601882781658065,0.14453324264580852,0.7545662100456622,9.125,2.3502702702702702,5,False,,,,
199,EW,Edwards Lifesciences Corp,True,50.617836591971994,5.2563697165185275,41.13158327913458,36.59807684507456,0.024568330033060505,0.02431221752913374,0.13113223036507843,0.18764750411898296,0.10384421916112056,-1.6467483108108107,61.970588235294116,3.7155538402161326,6,False,,,,
200,WDAY,"Workday, Inc.",False,52.3853393413329,4.651254345104895,52.411983583278364,52.411983583278364,0.07649497087543439,0.019079606067781838,0.05329848605047309,0.22932569974554706,0.08878923766816144,2.061026352288488,6.324561403508772,1.321574161179053,7,False,,,,
201,MPWR,MONOLITHIC POWER SYSTEMS INC,True,101.8327170320798,17.920814453261052,85.34851486784629,79.61093271481887,0.010526424320556938,0.011716665504354714,0.24299104588321863,0.298361345810986,0.17598287638358465,-1.4072884942565376,,5.912314377377391,5,False,,,,
202,ESLT,ELBIT SYSTEMS LTD,True,69.81576138192906,9.033635748820732,54.76657837828048,43.62727187860659,0.014818544155999131,0.018259311237099,0.1682637860661092,0.21377367735847075,0.12939249776854794,-0.633189695061327,4.584820239680426,1.2942717719149768,8,False,,,,
203,SNPS,SYNOPSYS INC,False,62.832792195146624,2.954966058130096,103.07225321606886,59.86172494121538,0.016117557065341286,0.009701932079661775,0.022560726336628412,0.30637467556016623,0.047029042557149736,6.72640233293152,2.048058218741116,1.61507365760697,3,False,,,,
204,MRVL,"Marvell Technology, Inc.",False,80.36391375855173,14.996763168957324,163.58869614234558,163.58869614234558,0.006507605753395631,0.0061128918047605,0.07183402368571039,0.31685468611530265,0.1866106622683179,1.38468516138786,7.06300053390283,2.0060860114888994,7,False,,,,
205,NTES,"NetEase, Inc.",True,81.62438158521891,17.719375271928445,77.94586239652126,73.34588289615094,0.01748885671620678,0.012829417357817702,0.269961589733489,0.2621963521451672,0.21708434327834694,-1.238578546907236,,3.4489036157465267,8,False,,,,
206,CRS,CARPENTER TECHNOLOGY CORP,True,78.92083623848124,15.72561442801746,57.59703799476609,45.46767689208615,0.009641360781072635,0.01736200392962692,0.18520972043665992,0.19762157248901682,0.1992580816110228,0.5747352496217851,10.78099173553719,3.6483357452966714,8,False,,,,
207,DASH,"DoorDash, Inc.",False,90.29316197297611,8.414642324801422,110.71384017252097,54.45313363587256,0.025750938820100936,0.00903229441271064,0.1268983596184213,0.28966346153846156,0.09319246486594239,-2.9782312925170067,,1.4060517325524646,4,False,,,,
208,CRDO,Credo Technology Group Holding Ltd,True,95.51741446916432,21.860150545782083,98.75376004333089,91.62232871200283,0.009022127241829936,0.01012619670948451,0.49190016061509784,0.2335268348180925,0.22886036716204403,-2.4287948094620573,,10.153025759674465,6,False,,,,
209,VST,Vistra Corp.,False,53.95276781821953,9.992429433078131,36.19591438635846,17.725953962075856,0.025877939114858205,0.02762742748603916,0.06919430459447762,0.09603950418220296,0.18520698450068668,4.639773895169578,1.6166242578456318,0.7769595395293719,6,False,,,,
210,NEE,NEXTERA ENERGY INC,False,26.952312594921946,3.3734811124064517,33.38382325921395,18.601484292482606,0.06777257592865699,0.02995462779189018,0.056400580353797844,0.0530099809855503,0.12516481101670085,6.2045087483176316,,0.5953455756672656,4,False,,,,
211,XEL,XCEL ENERGY INC,False,25.354376891012958,2.16718762192656,32.62606758268066,15.181612784374733,-0.13339162155375237,0.03065033803003717,0.04554190101733167,0.03935160499093527,0.0854758778431954,5.964330751215997,1.7595367847411445,0.7072929891381012,4,False,,,,
212,BA,BOEING CO,False,79.88483189193022,32.736083476066014,51.73314629256343,35.526082656154,-0.010512897244609597,0.01932996679430164,0.07515361053139755,0.11989917378518415,0.4097909790979098,6.88594802694899,,1.1881700041622347,6,False,,,,
213,SHOP,SHOPIFY INC.,True,126.63664877951229,11.570527324840764,105.139451394809,102.96511984494971,0.012874486328602445,0.009511177647721419,0.10039850323500533,0.21101049302860428,0.09136792102723966,-1.0306871247498333,,5.959770114942529,5,False,,,,
214,MCHP,MICROCHIP TECHNOLOGY INC,False,199.48517396948287,7.132888193050971,104.34133852883302,43.35907242070635,0.01898364899197199,0.009583929189519324,0.035261146305541495,0.20873083475298126,0.03575648280579566,4.456588095641852,2.2146407591504746,2.0924051746897825,6,False,,,,
215,ALNY,"ALNYLAM PHARMACEUTICALS, INC.",False,132.21438553492627,52.563517920497475,79.39865149274193,71.46813346306864,0.011218950247274644,0.012594672342658274,-0.5609891534872268,0.16193203463482983,0.3975627743367766,-2.9740540812151406,1.9854489029280322,2.76241331361088,5,False,,,,
216,RDDT,"Reddit, Inc.",True,74.27373977469128,13.432519382537626,86.8601368085479,83.83513427144038,0.017389252362772206,0.011512761051760051,0.22373623681262525,0.1536046975546081,0.18085152872717936,-2.0823375523003413,,11.559828666005611,6,False,,,,
217,GLW,CORNING INC /NY,True,106.11836579169294,14.344449208396878,73.64585862375688,73.64585862375688,0.015912386876959006,0.013578496044276104,0.18818272810819103,0.12568245739811393,0.13517404929279242,-0.6695919262834577,6.782738095238095,1.587775408670931,7,False,,,,
218,CPNG,"Coupang, Inc.",False,165.5230721602073,7.447285098274523,62.83044188017573,30.018988898306183,0.015161725503658881,0.01591585177623142,-2.718390804597701,0.11661735700197239,0.04499242915855505,-4.757575757575758,5.5,1.0356952014534573,6,False,,,,
219,PLTR,Palantir Technologies Inc.,True,204.10661194471743,44.898869233979326,233.55918001461086,229.31909227333074,0.006333185983832095,0.004281570092588279,0.2338616811872214,0.19545298790402116,0.21997753431985953,-0.9886373736251528,,7.109823993412619,7,False,,,,
220,TM,TOYOTA MOTOR CORP/,False,222.44321951211882,17.617593914876792,163.81674158839272,89.19581839926248,0.0074609086630716285,0.006104382191367279,0.05522074393177893,0.17102395187706246,0.07920040877630335,0.9773987206823028,57.56147540983606,1.067563039899777,7,False,,,,
221,AMD,ADVANCED MICRO DEVICES INC,False,194.77684771161609,13.402714881662497,228.18479556845037,228.18479556845037,0.007976477883518105,0.004382412936448354,0.0600103970368445,0.18652797414663705,0.06881061604152447,-0.3906334596643205,28.198473282442748,2.850026441036489,8,False,,,,
222,FANG,"Diamondback Energy, Inc.",False,29.084818345660988,1.3090213601422667,49.59094607202203,9.959095451646556,0.1809611148776986,0.020164971213650126,0.02034954888883472,0.018449162792731087,0.0450070323488045,2.2818845177664975,5.188524590163935,0.41630434782608694,4,False,,,,
223,ARM,ARM HOLDINGS PLC /UK,True,371.10103822086774,40.48700682496553,369.69370950184936,289.5773181476627,0.0029182472971831593,0.002704941886480753,0.1270456956946406,0.15080428954423591,0.10909968621771662,-2.3942558746736293,,5.996153846153846,6,False,,,,
224,WBD,"Warner Bros. Discovery, Inc.",False,91.31909040066562,1.8482969659869122,83.95932076054729,9.648392824865136,0.046513744592519335,0.011910529896400767,0.011717261526736949,0.09985117034230821,0.020239984409365516,-0.6893491124260355,0.3539568345323741,1.05648,6,False,,,,
225,ALAB,"Astera Labs, Inc.",True,317.90419044968047,51.086740921684466,400.7311940746053,385.5491526862408,0.004044607682742024,0.0024954383756155183,0.144999719905052,0.13127902100337163,0.1606985452108117,-0.9298704036571023,,10.237594143202898,5,False,,,,
226,TSLA,"Tesla, Inc.",False,389.48065442572187,17.99054753510828,337.02884107719603,337.02884107719603,0.004209273712036814,0.0029671051201548395,0.04405120975092208,0.11793219237435008,0.04619111971462313,-2.2799081515499426,12.884615384615385,2.1644068865485275,5,False,,,,
227,TSEM,TOWER SEMICONDUCTOR LTD,False,111.80959558954845,8.444069233216107,126.42759275089996,49.36555075093457,-0.001985463956872741,0.007909665748127452,0.0627366267100538,0.06675029418023322,0.07552186544180137,-0.20503977606357734,53.08146528157463,6.482052876430822,6,False,,,,
228,CIEN,CIENA CORP,False,484.8501371723341,21.910358802736553,304.98621592844336,304.98621592844336,0.01112520126636616,0.003278836707278019,0.04912746088071296,0.08751489181091067,0.04518996102696529,2.246665080417757,2.2094448732145455,2.7251019188409606,7,False,,,,
229,TWLO,TWILIO INC,False,938.9308466648446,4.061573794497705,203.27840119934064,90.80849681541574,0.03158054488272278,0.004919361792005494,0.011917659800708065,0.058668560296239014,0.004325743273772218,0.8774395180695606,,4.032351455680219,6,False,,,,
230,ONC,BeOne Medicines Ltd.,True,1499.2431239178438,98.63865887991194,954.2131840762513,724.6044921472342,0.002189167104946455,0.001047983843325403,0.36555996830109294,0.07395032810231877,0.06579230366729845,-5.976782457177212,8.951671671671672,3.408511999475074,7,False,,,,
231,JD,"JD.com, Inc.",False,23.957494959204663,2.463497539465762,153.05126151135573,33.925935689563495,0.02015758976113774,0.006533758625215934,0.026547115095597647,0.017384830968645997,0.10282784338098197,-10.337241764377442,0.9900249376558603,1.2232909888503016,5,False,,,,
232,AEM,AGNICO EAGLE MINES LTD,False,-189.255226433744,25.842566220637337,589.3078807205508,181.73127673175568,0.005696804275069059,0.0016969058665519511,0.027173354788684247,0.028431540195387153,-0.13654875856062293,2.011004592449322,2.2761771754685425,3.8206300378820246,3,False,,,,
233,STM,STMicroelectronics N.V.,False,365.94760140390014,3.4074097954368088,343.1045819031281,29.592558813724704,0.03542544170791929,0.0029145632344902326,0.005109787432842794,0.00922120349878807,0.009311195871662552,-0.34696895022178414,3.1818181818181817,3.3634735899731423,6,False,,,,
234,BE,Bloom Energy Corp,False,-884.243786655706,100.24576306647475,1060.6985325839705,1060.6985325839705,0.0007422163621260369,0.0009427749443226788,0.07772909166228918,0.023433604732943106,-0.11336891995092638,2.30723057058872,1.9108136482939633,5.980082778696828,4,False,,,,
235,ON,ON SEMICONDUCTOR CORP,False,295.4496657968384,4.658935472536907,434.4692346961692,47.49715601326597,0.03968177425595929,0.002301658944158186,0.009318161782374839,0.010652294924345935,0.015768965112793715,1.0814074266424305,1.1875881523272214,4.522093655354508,4,False,,,,
,IBKR,"Interactive Brokers Group, Inc.",False,9.30403790427154,7.55877179729836,,,,,,,0.8124184225247063,,,,,True,1,0.021437709112379452,0.026387522141310765,3
,ALL,ALLSTATE CORP,True,6.267280867365474,2.1052003227132245,,,,,,,0.3359032995753022,,,,,True,2,0.08585647722907865,0.2555987908949715,6
,PGR,PROGRESSIVE CORP/OH/,True,11.999877465810165,4.474973267268455,,,,,,,0.37291824687530917,,,,,True,3,0.09190581848031924,0.24645031250253985,6
,AMP,AMERIPRISE FINANCIAL INC,False,12.341863019548963,6.714621764949298,,,,,,,0.5440525271033746,,,,,True,4,0.01866383103549428,0.03430520051963291,4
,HIG,"HARTFORD INSURANCE GROUP, INC.",True,9.85113013820692,1.9910920074904759,,,,,,,0.2021181305653617,,,,,True,5,0.04460620719327418,0.2206937451306441,6
,ACGL,ARCH CAPITAL GROUP LTD.,True,8.117211827085155,1.4751555328161445,,,,,,,0.1817318020325539,,,,,True,6,0.05551419088603122,0.3054731767645537,5
,SPG,SIMON PROPERTY GROUP INC.,True,13.754062182264093,14.165638180125613,,,,,,,1.0299239593661462,,,,,True,7,0.13210014385393695,0.12826203590334603,5
,TRV,"TRAVELERS COMPANIES, INC.",True,11.576082115406793,2.2128778604510826,,,,,,,0.19115948197239618,,,,,True,8,0.04375539288000668,0.22889470314805022,6
,CINF,CINCINNATI FINANCIAL CORP,True,12.413077675484082,1.8669156481323241,,,,,,,0.15039909496574697,,,,,True,9,0.058363006682600846,0.38805424125652405,5
,DHI,HORTON D R INC /DE/,True,12.54245824791061,1.8588870506651034,,,,,,,0.14820755340961703,,,,,True,10,0.10107354699023433,0.6819729808971785,5
,RJF,RAYMOND JAMES FINANCIAL INC,True,14.847622962118495,2.5353655142064295,,,,,,,0.17075901783571942,,,,,True,11,0.024198118553779895,0.14170916921681967,5
,CI,Cigna Group,True,12.778997312882359,1.8249583341605784,,,,,,,0.14280919617385468,,,,,True,12,0.03772187007263217,0.26414174355207415,6
,JPM,JPMORGAN CHASE & CO,True,15.709861647197936,2.472743440945342,,,,,,,0.1574007140531622,,,,,True,13,0.01289249474564397,0.08190874370042261,5
,AON,Aon plc,True,20.661763021526834,8.163517361477936,,,,,,,0.3951026518391788,,,,,True,14,0.07275913673597983,0.18415248897290484,5
,CB,Chubb Ltd,True,13.587142550155429,1.8992562020161134,,,,,,,0.1397833425979907,,,,,True,15,0.03785889757534141,0.27083983593253697,6
,WFC,WELLS FARGO & COMPANY/MN,True,12.263417854026152,1.4447943051685377,,,,,,,0.11781334717337412,,,,,True,16,0.009930974653162875,0.08429413891915363,5
,SHG,SHINHAN FINANCIAL GROUP CO LTD,True,12.684040769878479,1.5827789681034137,,,,,,,0.12478507415886977,,,,,True,17,0.010533994391577688,0.08441710246664888,5
,MRSH,"MARSH & MCLENNAN COMPANIES, INC.",True,20.67778533024897,5.61668866952894,,,,,,,0.27162912177603654,,,,,True,18,0.07085675353432123,0.2608584568216658,5
,PRU,PRUDENTIAL FINANCIAL INC,True,10.960192656890392,1.2082634237943166,,,,,,,0.11024107528207658,,,,,True,19,0.004621707550339907,0.04192364360120971,4
,AXP,AMERICAN EXPRESS CO,True,22.168522943584772,7.174272840050602,,,,,,,0.32362430543108084,,,,,True,20,0.0361037420180502,0.1115606628184448,5
,AMT,AMERICAN TOWER CORP /MA/,True,29.428276841298413,21.17788519571605,,,,,,,0.7196440793976728,,,,,True,21,0.0415965083303793,0.05780150149389781,6
,SCHW,SCHWAB CHARLES CORP,True,19.057404448599186,3.4131743890541224,,,,,,,0.179099645928174,,,,,True,22,0.01802869682990662,0.10066293954113585,6
,USB,US BANCORP DE,True,12.658317377577749,1.4698428136190016,,,,,,,0.11611676100194807,,,,,True,23,0.010933855231134767,0.09416259234919007,6
,BX,Blackstone Inc.,True,30.210108258846276,10.525706321419415,,,,,,,0.34841670315223794,,,,,True,24,0.06328398377873345,0.18163303655129878,5
,ELV,"Elevance Health, Inc.",True,16.02790359577703,2.0680458994414463,,,,,,,0.1290278474089604,,,,,True,25,0.04660312443412844,0.361186560653201,5
,MS,MORGAN STANLEY,True,20.012367555212084,3.022686410244652,,,,,,,0.15104092016626058,,,,,True,26,0.011871686369493125,0.07859913960021686,6
,APO,"Apollo Global Management, Inc.",True,19.582114137688535,2.929640656733146,,,,,,,0.1496079859474744,,,,,True,27,0.007575675400098492,0.05063683834871103,5
,MTB,M&T BANK CORP,True,12.270360100969404,1.1989853873895113,,,,,,,0.09771395277101827,,,,,True,28,0.013353004543112735,0.13665402088895134,5
,GS,GOLDMAN SACHS GROUP INC,True,17.536246905041917,2.410160490677912,,,,,,,0.13743878628812853,,,,,True,29,0.009493069219375235,0.06907125328852828,6
,BAM,Brookfield Asset Management Ltd.,True,30.544033389448742,8.218648122519983,,,,,,,0.2690754039497307,,,,,True,30,0.1406699125945914,0.5227899337126767,4
,TFC,TRUIST FINANCIAL CORP,True,11.968141109700722,0.9743196684898024,,,,,,,0.08140944024298578,,,,,True,31,0.00969247796499969,0.119058403252377,5
,PNC,"PNC FINANCIAL SERVICES GROUP, INC.",True,14.318473952199572,1.6536496202614575,,,,,,,0.11549063299496574,,,,,True,32,0.012198991582573766,0.10562754109335881,5
,AFL,AFLAC INC,True,16.87495715785826,2.086337531283527,,,,,,,0.12363513055272973,,,,,True,33,0.03130419850605306,0.2531982484760024,5
,NTRS,NORTHERN TRUST CORP,True,18.80409985433819,2.5205350432554656,,,,,,,0.13404178146150225,,,,,True,34,0.00980564288807205,0.07315363001862446,5
,BAC,BANK OF AMERICA CORP /DE/,True,13.660977602827643,1.3744184224686755,,,,,,,0.10060908248500378,,,,,True,35,0.008942363100566338,0.08888226469910644,6
,BNY,Bank of New York Mellon Corp,True,18.136041129291733,2.271046695697421,,,,,,,0.125222846568727,,,,,True,36,0.011748888418378149,0.09382384077916578,6
,DE,DEERE & CO,True,33.36065830554313,6.462583017416776,,,,,,,0.19371868978805395,,,,,True,37,0.04742631797426318,0.2448205592663874,5
,CME,CME GROUP INC.,True,20.934469868660113,2.967444817258224,,,,,,,0.14174922201878293,,,,,True,38,0.020522698340222613,0.14478173529236857,4
,PSA,Public Storage,True,32.430278702467746,6.2571477105627125,,,,,,,0.1929415336811947,,,,,True,39,0.08829645036341946,0.45763319425725796,5
,MET,METLIFE INC,False,17.149427270153723,2.0405632349408207,,,,,,,0.11898725262342419,,,,,True,40,0.0045345600845986,0.038109629263815045,3
,STT,STATE STREET CORP,True,16.041210709158154,1.696827180721625,,,,,,,0.10577924643511367,,,,,True,41,0.008045414933055045,0.07605853893079303,6
,NDAQ,"NASDAQ, INC.",True,26.77778860724399,3.915816310603767,,,,,,,0.14623374499059458,,,,,True,42,0.05757897787653367,0.3937461758928284,6
,AIG,"AMERICAN INTERNATIONAL GROUP, INC.",False,13.595953346762856,1.0231914135389242,,,,,,,0.07525705534893896,,,,,True,43,0.019199523732744615,0.2551192528557431,5
,BRK-B,BERKSHIRE HATHAWAY INC,False,16.354187349297902,1.5265935505022614,,,,,,,0.09334572962243821,,,,,True,44,0.05479407221218548,0.5870013811431414,3
,HOOD,"Robinhood Markets, Inc.",True,55.00492861596901,11.318356527578368,,,,,,,0.2057698612173533,,,,,True,45,0.049374623069460104,0.23995070404069538,4
,HBAN,HUNTINGTON BANCSHARES INC /MD/,True,16.37474152920955,1.487328630395297,,,,,,,0.0908306630515159,,,,,True,46,0.009822039394774017,0.10813572272618233,4
,FITB,FIFTH THIRD BANCORP,True,20.54114510126401,2.3846790621150724,,,,,,,0.1160928005892101,,,,,True,47,0.011764376609321938,0.10133597044445274,5
,PCAR,PACCAR INC,True,26.471590355038302,3.264701223292151,,,,,,,0.12332848837209302,,,,,True,48,0.05358600872424791,0.43449822041582276,5
,ICE,"Intercontinental Exchange, Inc.",True,22.687031618854576,2.6009859870829297,,,,,,,0.11464637731281342,,,,,True,49,0.024217054943128275,0.2112326225280706,6
,CBRE,"CBRE GROUP, INC.",True,35.83143629298459,4.669629622773504,,,,,,,0.1303221446271683,,,,,True,50,0.037471256922628496,0.2875279334132202,5
,CFG,CITIZENS FINANCIAL GROUP INC/RI,False,16.39331603645363,1.1405616773472127,,,,,,,0.06957479955922027,,,,,True,51,0.008089206586231119,0.11626632972684017,5
,UNH,UNITEDHEALTH GROUP INC,True,32.0411654265547,3.8594094353336343,,,,,,,0.12045159356579078,,,,,True,52,0.03894295838568904,0.3233079549455554,5
,C,CITIGROUP INC,False,17.115349072076693,1.153379954049532,,,,,,,0.06738863164241536,,,,,True,53,0.0053838586603502485,0.07989268410907413,3
,BLK,"BlackRock, Inc.",False,28.845600182496987,2.8660824830626566,,,,,,,0.09935943315201833,,,,,True,54,0.0326650901775315,0.3287568089036342,3
,HDB,HDFC BANK LTD,False,25.0139856715785,2.194455887172181,,,,,,,0.08772915743953492,,,,,True,55,0.013976342600250363,0.15931239975584172,3
,ARES,Ares Management Corp,True,49.990506246020125,6.1661376451892265,,,,,,,0.12334617326825188,,,,,True,56,0.01841774190106655,0.14931749735771574,4
,EXR,Extra Space Storage Inc.,False,32.391929979989044,2.3486427107786314,,,,,,,0.07250703222159244,,,,,True,57,0.033283128382179276,0.4590331084088646,5
,KKR,KKR & Co. Inc.,False,35.544277002143076,2.726518151532201,,,,,,,0.07670765539464512,,,,,True,58,0.0057795861547890424,0.0753456239152958,2
,COIN,"Coinbase Global, Inc.",False,37.71032763156765,3.212814016744257,,,,,,,0.08519719181794595,,,,,True,59,0.04247553706828753,0.4985555998025333,3
,EQIX,EQUINIX INC,True,73.20257104238136,6.981030722465022,,,,,,,0.09536592257699915,,,,,True,60,0.033631449141775245,0.35265688448220023,4
,HUM,HUMANA INC,False,40.096296401515154,2.697762933963867,,,,,,,0.06728209775159993,,,,,True,61,0.024290007973992517,0.36101739966059415,4
,PLD,"Prologis, Inc.",False,39.05855107754015,2.4438449703334615,,,,,,,0.06256875646722969,,,,,True,62,0.03371239384169175,0.538805559598241,4
,AJG,Arthur J. Gallagher & Co.,False,43.40819051351892,2.780834296436571,,,,,,,0.06406243300030016,,,,,True,63,0.02114200806622798,0.3300219344795868,3
,IX,ORIX CORP,False,41.89657087515795,2.5847769633935083,,,,,,,0.06169423676929417,,,,,True,64,0.010309582599628147,0.16710770956095738,5
,DLR,"DIGITAL REALTY TRUST, INC.",False,46.537662324386204,2.6563538425652604,,,,,,,0.05707965784893549,,,,,True,65,0.026484043826502515,0.463983927454401,4
,COF,CAPITAL ONE FINANCIAL CORP,False,52.03615679185529,1.1234746216239,,,,,,,0.021590268976200536,,,,,True,66,0.0036666173399759945,0.1698273117402008,2
,O,REALTY INCOME CORP,False,56.23548612539989,1.5094394796148065,,,,,,,0.02684140537611602,,,,,True,67,0.0145419479404885,0.5417729711510634,4
,WELL,WELLTOWER INC.,False,173.2498992486004,3.9553797518208276,,,,,,,0.022830488034773166,,,,,True,68,0.014291136031330053,0.6259671720360596,3
,VTR,"Ventas, Inc.",False,171.99741945074726,3.5906053098728448,,,,,,,0.020875925472248386,,,,,True,69,0.009478056005113086,0.45401848256801036,4
,CCI,CROWN CASTLE INC.,False,75.29779556717821,-20.44784173200436,,,,,,,-0.27155963302752295,,,,,True,70,0.0140871882733676,-0.05187511897963069,3
,IRM,IRON MOUNTAIN INC,False,228.94631809691649,-35.53286848669573,,,,,,,-0.15520174677652657,,,,,True,71,0.007207283458537954,-0.04643815941656668,2
